Aljamiado Português::01 - Curso Gradual::Lição 1: Os Não-Conectores Fundamentais (ا, د, ر, ز, ژ, و)	a <span style='font-size:0.85em; color:#8b949e;'>(ا (Alif) — Isolada)</span>	Isolada (ا)	اَ (اَ)	Fórmula: ا
Aljamiado Português::01 - Curso Gradual::Lição 1: Os Não-Conectores Fundamentais (ا, د, ر, ز, ژ, و)	da <span style='font-size:0.85em; color:#8b949e;'>(ا (Alif) — Final)</span>	Dāl (د) + Alif final (ـا)	دَا (دَا) دَا دَا دَا (دَا)	Fórmula: د + ا
Aljamiado Português::01 - Curso Gradual::Lição 1: Os Não-Conectores Fundamentais (ا, د, ر, ز, ژ, و)	do <span style='font-size:0.85em; color:#8b949e;'>(د (Dāl) — Isolada)</span>	Dāl (د) + Waw (و)	دۆ (دۆ) دۆ دۆ (دۆ)	Fórmula: د + و
Aljamiado Português::01 - Curso Gradual::Lição 1: Os Não-Conectores Fundamentais (ا, د, ر, ز, ژ, و)	vida <span style='font-size:0.85em; color:#8b949e;'>(د (Dāl) — Final)</span>	Waw + Ye medial + Dāl final (ـد) + Gol He	وِیدَہ وِیدَہ وِیدَہ وِیدَہ وِیدَہ وِیدَہ وِیدَہ (وِیدَہ) وِیدَہ وِیدَہ وِیدَہ	Fórmula: و + ی + د + ہ
Aljamiado Português::01 - Curso Gradual::Lição 1: Os Não-Conectores Fundamentais (ا, د, ر, ز, ژ, و)	rio <span style='font-size:0.85em; color:#8b949e;'>(ر (Rā) — Isolada)</span>	Rā inicial (ر) + Ye + Waw	Rā inicial (ر) + Ye + Waw	Fórmula: ر + ی + و
Aljamiado Português::01 - Curso Gradual::Lição 1: Os Não-Conectores Fundamentais (ا, د, ر, ز, ژ, و)	ver <span style='font-size:0.85em; color:#8b949e;'>(ر (Rā) — Final)</span>	Waw (و) + Rā final (ـر)	Waw (و) + Rā final (ـر)	Fórmula: و + ر
Aljamiado Português::01 - Curso Gradual::Lição 1: Os Não-Conectores Fundamentais (ا, د, ر, ز, ژ, و)	zero <span style='font-size:0.85em; color:#8b949e;'>(ز (Zāy) — Isolada)</span>	Zāy (ز) + Rā + Waw	Zāy (ز) + Rā + Waw	Fórmula: ز + ر + و
Aljamiado Português::01 - Curso Gradual::Lição 1: Os Não-Conectores Fundamentais (ا, د, ر, ز, ژ, و)	paz <span style='font-size:0.85em; color:#8b949e;'>(ز (Zāy) — Final)</span>	Pā inicial + Alif + Zāy final (ـز)	پَزْ پَزْ پَزْ پَزْ پَزْ پَزْ پَزْ (پَزْ)	Fórmula: پ + ا + ز
Aljamiado Português::01 - Curso Gradual::Lição 1: Os Não-Conectores Fundamentais (ا, د, ر, ز, ژ, و)	já <span style='font-size:0.85em; color:#8b949e;'>(ژ (Žā) — Isolada)</span>	Žā (ژ) + Alif (ا)	ژَا (ژَا) ژَا ژَا (ژَا)	Fórmula: ژ + ا
Aljamiado Português::01 - Curso Gradual::Lição 1: Os Não-Conectores Fundamentais (ا, د, ر, ز, ژ, و)	hoje <span style='font-size:0.85em; color:#8b949e;'>(ژ (Žā) — Final)</span>	Hā mudo (هـ) + Žā final (ـژ) + Gol He	هۆژَه هۆژَه (هۆژَه) هۆژَه هۆژَه هۆژَه (هۆژَه) هۆژَه هۆژَه هۆژَه	Fórmula: ه + ژ + ہ
Aljamiado Português::01 - Curso Gradual::Lição 1: Os Não-Conectores Fundamentais (ا, د, ر, ز, ژ, و)	o <span style='font-size:0.85em; color:#8b949e;'>(و (Waw) — Isolada)</span>	Isolada (و)	وۆ (وۆ)	Fórmula: و
Aljamiado Português::01 - Curso Gradual::Lição 1: Os Não-Conectores Fundamentais (ا, د, ر, ز, ژ, و)	livro <span style='font-size:0.85em; color:#8b949e;'>(و (Waw) — Final)</span>	Lām + Ye + Waw medial + Rā + Waw final (ـو)	Lām + Ye + Waw medial + Rā + Waw final (ـو)	Fórmula: ل + ی + و + ر + و
Aljamiado Português::01 - Curso Gradual::Lição 2: A Família do Bā (ب, پ, ت) e as 4 Posições Gráficas	sob <span style='font-size:0.85em; color:#8b949e;'>(ب (Bā) — Isolada)</span>	Sīn inicial + Bā isolada (ب)	سَبْ سَبْ سَبْ سَبْ سَبْ (سَبْ)	Fórmula: س + ب
Aljamiado Português::01 - Curso Gradual::Lição 2: A Família do Bā (ب, پ, ت) e as 4 Posições Gráficas	boa <span style='font-size:0.85em; color:#8b949e;'>(ب (Bā) — Inicial)</span>	Bā inicial (بوـ) + Waw + Gol He	بوۆہ بوۆہ (بوۆہ) بوۆہ بوۆہ بوۆہ بوۆہ بوۆہ	Fórmula: ب + و + ہ
Aljamiado Português::01 - Curso Gradual::Lição 2: A Família do Bā (ب, پ, ت) e as 4 Posições Gráficas	sabedoria <span style='font-size:0.85em; color:#8b949e;'>(ب (Bā) — Medial)</span>	Sīn + Bā medial (ـبـ) + Dāl + Rā + Ye + Gol He	سَبَدُرِیَہ سَبَدُرِیَہ سَبَدُرِیَہ سَبَدُرِیَہ (سَبَدُرِیَہ) سَبَدُرِیَہ سَبَدُرِیَہ سَبَدُرِیَہ سَبَدُرِیَہ سَبَدُرِیَہ سَبَدُرِیَہ سَبَدُرِیَہ سَبَدُرِیَہ سَبَدُرِیَہ	Fórmula: س + ب + د + ر + ی + ہ
Aljamiado Português::01 - Curso Gradual::Lição 2: A Família do Bā (ب, پ, ت) e as 4 Posições Gráficas	sob <span style='font-size:0.85em; color:#8b949e;'>(ب (Bā) — Final)</span>	Sīn inicial + Bā final (ـب)	سَبْ سَبْ سَبْ سَبْ سَبْ (سَبْ)	Fórmula: س + ب
Aljamiado Português::01 - Curso Gradual::Lição 2: A Família do Bā (ب, پ, ت) e as 4 Posições Gráficas	zap <span style='font-size:0.85em; color:#8b949e;'>(پ (Pā) — Isolada)</span>	Zāy + Alif + Pā isolada (پ)	زَاپْ زَاپْ زَاپْ زَاپْ زَاپْ زَاپْ (زَاپْ)	Fórmula: ز + ا + پ
Aljamiado Português::01 - Curso Gradual::Lição 2: A Família do Bā (ب, پ, ت) e as 4 Posições Gráficas	para <span style='font-size:0.85em; color:#8b949e;'>(پ (Pā) — Inicial)</span>	Pā inicial (پرـ) + Rā + Gol He	پَرَه پَرَه (پَرَه) پَرَه پَرَه پَرَه پَرَه پَرَه	Fórmula: پ + ر + ہ
Aljamiado Português::01 - Curso Gradual::Lição 2: A Família do Bā (ب, پ, ت) e as 4 Posições Gráficas	esperança <span style='font-size:0.85em; color:#8b949e;'>(پ (Pā) — Medial)</span>	Alif + Sīn + Pā medial (ـپـ) + Rā + Nūn + Chā + Gol He	اَسْپَرَنـْچَہ اَسْپَرَنـْچَہ اَسْپَرَنـْچَہ اَسْپَرَنـْچَہ اَسْپَرَنـْچَہ اَسْپَرَنـْچَہ (اَسْپَرَنـْچَہ) اَسْپَرَنـْچَہ اَسْپَرَنـْچَہ اَسْپَرَنـْچَہ اَسْپَرَنـْچَہ اَسْپَرَنـْچَہ اَسْپَرَنـْچَہ اَسْپَرَنـْچَہ اَسْپَرَنـْچَہ اَسْپَرَنـْچَہ	Fórmula: ا + س + پ + ر + ن + چ + ہ
Aljamiado Português::01 - Curso Gradual::Lição 2: A Família do Bā (ب, پ, ت) e as 4 Posições Gráficas	zap <span style='font-size:0.85em; color:#8b949e;'>(پ (Pā) — Final)</span>	Zāy + Alif + Pā final (ـپ)	زَاپْ زَاپْ زَاپْ زَاپْ زَاپْ زَاپْ (زَاپْ)	Fórmula: ز + ا + پ
Aljamiado Português::01 - Curso Gradual::Lição 2: A Família do Bā (ب, پ, ت) e as 4 Posições Gráficas	tu / tudo <span style='font-size:0.85em; color:#8b949e;'>(ت (Tā) — Isolada / Inicial)</span>	Tā inicial (توـ) + Waw	تُودۆ تُودۆ (تُودۆ) تُودۆ تُودۆ	Fórmula: ت + و
Aljamiado Português::01 - Curso Gradual::Lição 2: A Família do Bā (ب, پ, ت) e as 4 Posições Gráficas	fruto <span style='font-size:0.85em; color:#8b949e;'>(ت (Tā) — Medial)</span>	Fā + Rā + Waw + Tā medial (ـتـ) + Waw	Fā + Rā + Waw + Tā medial (ـتـ) + Waw	Fórmula: ف + ر + و + ت + و
Aljamiado Português::01 - Curso Gradual::Lição 2: A Família do Bā (ب, پ, ت) e as 4 Posições Gráficas	até <span style='font-size:0.85em; color:#8b949e;'>(ت (Tā) — Final)</span>	Alif + Tā medial/final (ـتـ) + Ye final (ـی)	اَتِی اَتِی اَتِی اَتِی (اَتِی) اَتِی اَتِی اَتِی (اَتِی)	Fórmula: ا + ت + ی
Aljamiado Português::01 - Curso Gradual::Lição 3: As Famílias do Jīm (ج, چ) e do Sīn (س, ش)	gente <span style='font-size:0.85em; color:#8b949e;'>(ج (Jīm) — Inicial)</span>	جنتہ	جَنـْتَه	Fórmula: Jīm inicial (جـ) + Nūn + Tā + Gol He
Aljamiado Português::01 - Curso Gradual::Lição 3: As Famílias do Jīm (ج, چ) e do Sīn (س, ش)	generosidade <span style='font-size:0.85em; color:#8b949e;'>(ج (Jīm) — Medial)</span>	جنرزددہ	جَنَرُزِدَدَہ	Fórmula: Jīm inicial (جـ) + Nūn + Rā + Zāy + Dāl + Dāl + Gol He
Aljamiado Português::01 - Curso Gradual::Lição 3: As Famílias do Jīm (ج, چ) e do Sīn (س, ش)	gem <span style='font-size:0.85em; color:#8b949e;'>(ج (Jīm) — Final)</span>	جم	جم	Fórmula: Jīm inicial (جـ) + Mīm final (ـم)
Aljamiado Português::01 - Curso Gradual::Lição 3: As Famílias do Jīm (ج, چ) e do Sīn (س, ش)	cidade <span style='font-size:0.85em; color:#8b949e;'>(چ (Chā) — Inicial)</span>	چددہ	چِدَدَہ	Fórmula: Chā inicial (چـ) + Dāl + Dāl + Gol He
Aljamiado Português::01 - Curso Gradual::Lição 3: As Famílias do Jīm (ج, چ) e do Sīn (س, ش)	você <span style='font-size:0.85em; color:#8b949e;'>(چ (Chā) — Medial)</span>	وچہ	وۆچِی	Fórmula: Waw + Chā medial (ـچـ) + Gol He final
Aljamiado Português::01 - Curso Gradual::Lição 3: As Famílias do Jīm (ج, چ) e do Sīn (س, ش)	fixo <span style='font-size:0.85em; color:#8b949e;'>(چ (Chā) — Final)</span>	فیچو	فِیچۆ	Fórmula: Fā inicial + Ye + Chā medial/final (ـچـ) + Waw final
Aljamiado Português::01 - Curso Gradual::Lição 3: As Famílias do Jīm (ج, چ) e do Sīn (س, ش)	sua <span style='font-size:0.85em; color:#8b949e;'>(س (Sīn) — Inicial)</span>	سوه	سُۆہ	Fórmula: Sīn inicial (سـ) + Waw + Gol He final
Aljamiado Português::01 - Curso Gradual::Lição 3: As Famílias do Jīm (ج, چ) e do Sīn (س, ش)	processo <span style='font-size:0.85em; color:#8b949e;'>(س (Sīn) — Medial)</span>	پرچسو	پْرَچَسۆ	Fórmula: Pā + Rā + Chā + Sīn medial (ـسـ) + Waw final
Aljamiado Português::01 - Curso Gradual::Lição 3: As Famílias do Jīm (ج, چ) e do Sīn (س, ش)	mas <span style='font-size:0.85em; color:#8b949e;'>(س (Sīn) — Final)</span>	مس	مَسْ	Fórmula: Mīm inicial + Sīn final (ـس) com bacia inteira
Aljamiado Português::01 - Curso Gradual::Lição 3: As Famílias do Jīm (ج, چ) e do Sīn (س, ش)	chave <span style='font-size:0.85em; color:#8b949e;'>(ش (Šīn) — Inicial)</span>	شوه	شَوَه	Fórmula: Šīn inicial (شـ) + Waw + Gol He final
Aljamiado Português::01 - Curso Gradual::Lição 3: As Famílias do Jīm (ج, چ) e do Sīn (س, ش)	lixo <span style='font-size:0.85em; color:#8b949e;'>(ش (Šīn) — Medial)</span>	لیشو	لِیشۆ	Fórmula: Lām inicial + Ye + Šīn medial (ـشـ) + Waw final
Aljamiado Português::01 - Curso Gradual::Lição 3: As Famílias do Jīm (ج, چ) e do Sīn (س, ش)	flash <span style='font-size:0.85em; color:#8b949e;'>(ش (Šīn) — Final)</span>	فلاش	فْلَاشْ	Fórmula: Fā + Lām + Alif + Šīn final (ـش) com bacia inteira
Aljamiado Português::01 - Curso Gradual::Lição 4: As Letras de Alça e Gancho (ف, ك, گ, ل)	faz <span style='font-size:0.85em; color:#8b949e;'>(ف (Fā) — Inicial)</span>	فز	فَزْ	Fórmula: Fā inicial (فـ) + Zāy final (ـز)
Aljamiado Português::01 - Curso Gradual::Lição 4: As Letras de Alça e Gancho (ف, ك, گ, ل)	professora <span style='font-size:0.85em; color:#8b949e;'>(ف (Fā) — Medial)</span>	پرفسرہ	پرفسرَہ	Fórmula: Pā + Rā + Fā medial (ـفـ) + Sīn + Rā + Gol He
Aljamiado Português::01 - Curso Gradual::Lição 4: As Letras de Alça e Gancho (ف, ك, گ, ل)	off <span style='font-size:0.85em; color:#8b949e;'>(ف (Fā) — Final)</span>	اف	اف	Fórmula: Alif + Fā final (ـف)
Aljamiado Português::01 - Curso Gradual::Lição 4: As Letras de Alça e Gancho (ف, ك, گ, ل)	cada <span style='font-size:0.85em; color:#8b949e;'>(ك (Kāf) — Inicial)</span>	كدہ	كدَہ	Fórmula: Kāf inicial (كـ) + Dāl + Dāl + Gol He
Aljamiado Português::01 - Curso Gradual::Lição 4: As Letras de Alça e Gancho (ف, ك, گ, ل)	busca <span style='font-size:0.85em; color:#8b949e;'>(ك (Kāf) — Medial)</span>	بوسكہ	بوسكَہ	Fórmula: Bā + Waw + Sīn + Kāf medial (ـكـ) + Gol He
Aljamiado Português::01 - Curso Gradual::Lição 4: As Letras de Alça e Gancho (ف, ك, گ, ل)	check <span style='font-size:0.85em; color:#8b949e;'>(ك (Kāf) — Final)</span>	چك	چك	Fórmula: Chā inicial + Ye + Kāf final (ـك)
Aljamiado Português::01 - Curso Gradual::Lição 4: As Letras de Alça e Gancho (ف, ك, گ, ل)	guia <span style='font-size:0.85em; color:#8b949e;'>(گ (Gāf) — Inicial)</span>	گیہ	گیَہ	Fórmula: Gāf inicial (گـ) + Ye + Gol He final
Aljamiado Português::01 - Curso Gradual::Lição 4: As Letras de Alça e Gancho (ف, ك, گ, ل)	água <span style='font-size:0.85em; color:#8b949e;'>(گ (Gāf) — Medial)</span>	آگوه	آگۆہ	Fórmula: Alif Madd + Gāf medial (ـگـ) + Waw + Gol He
Aljamiado Português::01 - Curso Gradual::Lição 4: As Letras de Alça e Gancho (ف, ك, گ, ل)	blog <span style='font-size:0.85em; color:#8b949e;'>(گ (Gāf) — Final)</span>	بلگ	بلگ	Fórmula: Bā + Lām + Waw + Gāf final (ـگ)
Aljamiado Português::01 - Curso Gradual::Lição 4: As Letras de Alça e Gancho (ف, ك, گ, ل)	luz <span style='font-size:0.85em; color:#8b949e;'>(ل (Lām) — Inicial)</span>	لوز	لوُزْ	Fórmula: Lām inicial (لـ) + Waw + Zāy final
Aljamiado Português::01 - Curso Gradual::Lição 4: As Letras de Alça e Gancho (ف, ك, گ, ل)	pelo <span style='font-size:0.85em; color:#8b949e;'>(ل (Lām) — Medial)</span>	پلو	پَلۆ	Fórmula: Pā + Lām medial (ـلـ) + Waw final
Aljamiado Português::01 - Curso Gradual::Lição 4: As Letras de Alça e Gancho (ف, ك, گ, ل)	sol <span style='font-size:0.85em; color:#8b949e;'>(ل (Lām) — Final)</span>	سل	سل	Fórmula: Sīn + Waw + Lām final (ـل) com bacia inteira
Aljamiado Português::01 - Curso Gradual::Lição 5: Laços Circulares e Nasais (م, ن, ی)	muito <span style='font-size:0.85em; color:#8b949e;'>(م (Mīm) — Inicial)</span>	مویتو	مویتۆ	Fórmula: Mīm inicial (مـ) + Waw + Ye + Tā + Waw
Aljamiado Português::01 - Curso Gradual::Lição 5: Laços Circulares e Nasais (م, ن, ی)	como <span style='font-size:0.85em; color:#8b949e;'>(م (Mīm) — Medial)</span>	كمو	كَمۆ	Fórmula: Kāf + Mīm medial (ـمـ) + Waw final
Aljamiado Português::01 - Curso Gradual::Lição 5: Laços Circulares e Nasais (م, ن, ی)	bom <span style='font-size:0.85em; color:#8b949e;'>(م (Mīm) — Final)</span>	بم	بم	Fórmula: Bā + Mīm final (ـم) com cauda longa
Aljamiado Português::01 - Curso Gradual::Lição 5: Laços Circulares e Nasais (م, ن, ی)	não <span style='font-size:0.85em; color:#8b949e;'>(ن (Nūn) — Inicial)</span>	ناوم	ناوم	Fórmula: Nūn inicial (نـ) + Alif + Waw + Mīm (-ãom)
Aljamiado Português::01 - Curso Gradual::Lição 5: Laços Circulares e Nasais (م, ن, ی)	análise <span style='font-size:0.85em; color:#8b949e;'>(ن (Nūn) — Medial)</span>	انالیزہ	انالیزَہ	Fórmula: Alif + Nūn medial (ـنـ) + Alif + Lām + Zāy + Gol He
Aljamiado Português::01 - Curso Gradual::Lição 5: Laços Circulares e Nasais (م, ن, ی)	on <span style='font-size:0.85em; color:#8b949e;'>(ن (Nūn) — Final)</span>	ان	ان	Fórmula: Alif + Nūn final (ـن) com bacia e ponto
Aljamiado Português::01 - Curso Gradual::Lição 5: Laços Circulares e Nasais (م, ن, ی)	ilumina <span style='font-size:0.85em; color:#8b949e;'>(ی (Ye) — Inicial)</span>	یلومنہ	یِلوُمِنَہ	Fórmula: Ye inicial (یـ) + Lām + Waw + Mīm + Nūn + Gol He
Aljamiado Português::01 - Curso Gradual::Lição 5: Laços Circulares e Nasais (م, ن, ی)	minha <span style='font-size:0.85em; color:#8b949e;'>(ی (Ye) — Medial)</span>	مینیہ	مِینـِیَہ	Fórmula: Mīm + Ye medial (ـیـ) + Nūn + Gol He
Aljamiado Português::01 - Curso Gradual::Lição 5: Laços Circulares e Nasais (م, ن, ی)	até <span style='font-size:0.85em; color:#8b949e;'>(ی (Ye) — Final)</span>	اتی	اَتِی	Fórmula: Alif + Tā + Ye final (ـی / ـی)
Aljamiado Português::01 - Curso Gradual::Lição 6: O Universo do He (ه / ہ) e Suas Complexidades Ortográficas	honra <span style='font-size:0.85em; color:#8b949e;'>(1. H Mudo Inicial — Inicial (هـ))</span>	هنرہ	هَنـْرَه	Fórmula: ه + ن + ر + ہ
Aljamiado Português::01 - Curso Gradual::Lição 6: O Universo do He (ه / ہ) e Suas Complexidades Ortográficas	homem <span style='font-size:0.85em; color:#8b949e;'>(1. H Mudo Inicial — Inicial (هـ))</span>	همم	هَمَم	Fórmula: ه + م + م
Aljamiado Português::01 - Curso Gradual::Lição 6: O Universo do He (ه / ہ) e Suas Complexidades Ortográficas	carro <span style='font-size:0.85em; color:#8b949e;'>(2. RR Intervocálico — Medial (ـهـ))</span>	كاهو	كَہۆ	Fórmula: ك + ا + ه + و
Aljamiado Português::01 - Curso Gradual::Lição 6: O Universo do He (ه / ہ) e Suas Complexidades Ortográficas	terra <span style='font-size:0.85em; color:#8b949e;'>(2. RR Intervocálico — Medial (ـهـ))</span>	تہہ	تہَہ	Fórmula: ت + ه + ہ
Aljamiado Português::01 - Curso Gradual::Lição 6: O Universo do He (ه / ہ) e Suas Complexidades Ortográficas	boa <span style='font-size:0.85em; color:#8b949e;'>(3. Vogal Final -a/-e — Final (ہ / ـه))</span>	بوہ	بوۆہ	Fórmula: ب + و + ہ
Aljamiado Português::01 - Curso Gradual::Lição 6: O Universo do He (ه / ہ) e Suas Complexidades Ortográficas	livros <span style='font-size:0.85em; color:#8b949e;'>(4. Plural Nominal -hā — Sufixo (ـها))</span>	لیوروها	لیوروها	Fórmula: ل + ی + و + ر + و + ه + ا
Aljamiado Português::01 - Curso Gradual::Lição 6: O Universo do He (ه / ہ) e Suas Complexidades Ortográficas	rio <span style='font-size:0.85em; color:#8b949e;'>(5. Contraste R- (Rā) — Rā Inicial (ر))</span>	ریو	ریو	Fórmula: ر + ی + و
Aljamiado Português::01 - Curso Gradual::Lição 7: Síntese de Leitura e Costura de Frases	coração <span style='font-size:0.85em; color:#8b949e;'>(Didático / Explícito — Facilitar o aprendizado inicial e eliminar qualquer margem de dúvida.)</span>	Grafam-se todas as semivogais do ditongo nasal (-ão &rarr; او).	كَرَچاوْم كَرَچاوْم اَها كَرَچاوْم دۆ كَرَچاوْم كَرَچاوْم (-كَرَچاوْم كَرَچاوْم; كَرَچاوْم).	Fórmula: كرچاو
Aljamiado Português::01 - Curso Gradual::Lição 7: Síntese de Leitura e Costura de Frases	sabedoria / generosidade <span style='font-size:0.85em; color:#8b949e;'>(Econômico / Fluente — Maximizar a velocidade de escrita manual e a elegância visual em palavras longas.)</span>	Larga-se a totalidade das vogais internas não-finais, apoiando-se no esqueleto consonantal único.	سَبَدُرِیَہ اَ سَبَدُرِیَہ دَاها سَبَدُرِیَہ سَبَدُرِیَہ سَبَدُرِیَہ, سَبَدُرِیَہ سَبَدُرِیَہ سَبَدُرِیَہ سَبَدُرِیَہ سَبَدُرِیَہ.	Fórmula: سبدریہ / جنرزددہ
Aljamiado Português::01 - Curso Gradual::Lição 7: Síntese de Leitura e Costura de Frases	pau vs. pó <span style='font-size:0.85em; color:#8b949e;'>(Desambiguador — Evitar colisão de significado em palavras curtas ou homógrafas.)</span>	Insere-se o Alif em palavras curtas para evitar colisões vocálicas.	Insere-se وۆ Alif em پَلَوْرها curtas پَرَه evitar colisões vocálicas.	Fórmula: پاو vs. پو
Aljamiado Português::01 - Curso Gradual::Lição 7: Síntese de Leitura e Costura de Frases	pau / ao / ou <span style='font-size:0.85em; color:#8b949e;'>(-au / -ao — Alif + Waw (او))</span>	Alif (central [a]) + Waw (posterior [w])	اَوْ (اَوْ اَوْ) اَوْ اَوْ (اَوْ اَوْ)	Fórmula: پاو / او
Aljamiado Português::01 - Curso Gradual::Lição 7: Síntese de Leitura e Costura de Frases	pai / raiz / mais <span style='font-size:0.85em; color:#8b949e;'>(-ai / -ay — Alif + Ye (ای))</span>	Alif (central [a]) + Ye (palatal [j])	Alif (central [a]) + Ye (palatal [j])	Fórmula: پای / رایز / مایس
Aljamiado Português::01 - Curso Gradual::Lição 7: Síntese de Leitura e Costura de Frases	gostei / até / fé <span style='font-size:0.85em; color:#8b949e;'>(-ei / -é — Ye final (ـی / ـی))</span>	Ye (palatal [e]/[i]) atrai a terminação tónica	اَتِی (اَتِی اَتِی) اَتِی اَ اَتِی اَتِی	Fórmula: گوستی / اتی / فی
Aljamiado Português::01 - Curso Gradual::Lição 7: Síntese de Leitura e Costura de Frases	meu / rio / seu <span style='font-size:0.85em; color:#8b949e;'>(-eu / -iu — Ye + Waw (یو))</span>	Ye (anterior) + Waw (posterior [w])	سِیوۆ (سِیوۆ) سِیوۆ سِیوۆ (سِیوۆ سِیوۆ)	Fórmula: میو / ریو / سیو
Aljamiado Português::01 - Curso Gradual::Lição 7: Síntese de Leitura e Costura de Frases	pau / mau / ao <span style='font-size:0.85em; color:#8b949e;'>(-au (Oral) — Alif + Waw (او))</span>	Alif (central [a]) + Waw (posterior [w])	اَوْ (اَوْ اَوْ) اَوْ اَوْ (اَوْ اَوْ)	Fórmula: پاو / ماو / او
Aljamiado Português::01 - Curso Gradual::Lição 7: Síntese de Leitura e Costura de Frases	pão / mão / não / coração <span style='font-size:0.85em; color:#8b949e;'>(-ão (Nasal Singular) — Alif + Waw + Mīm (اوم))</span>	AOM (Alif-Waw-Mīm): desambigua de -au (pão پاوم vs pau پاو)	پاوم (پاوم): پاوم دِه -پاوم (پاوم پاوم پاوم پاوم پاوم)	Fórmula: پاوم / ماوم / ناوم / كرچاوم
Aljamiado Português::01 - Curso Gradual::Lição 7: Síntese de Leitura e Costura de Frases	razões / corações <span style='font-size:0.85em; color:#8b949e;'>(-ões (Nasal Plural) — Waw + [Ye] + Mīm + Gol He + Alif (ومها / ویها))</span>	Ditongo nasal [õj̃ʃ] com Mīm + logograma de plural -hā	كَرَچومها كَرَچومها كَرَچومها كَرَچومها كَرَچومها كَرَچومها كَرَچومها دِه كَرَچومها -كَرَچومها	Fórmula: رزومها / كرچومها
Aljamiado Português::02 - Corpus de Frases	Que a paz e as bênçãos de Allah estejam com o profeta Muhammad e sua família.<br><span class='ipa-text'>[ki ɐ 'pas i ɐs 'bẽsɐ̃wʃ dʒi a'lːa es'tejɐ̃w kõ u pɾo'fɛtɐ mu'xɐmɐd i 'suɐ fɐ'miljɐ]</span>	كہ ا پز ی اها بنچوها دہ اللّٰہ استژم كم و پرفتہ محمّد ی سوہ فمیلیہ.	كَه كَه پَزْ كَه كَه كَه دِه كَه كَه كَه كَه كَه كَه كَه كَه كَه.	Gol He final (كہ, سوہ, فمیلیہ), sufixo nominal -hā (اها, بنچوها), Zāy em پز, Allah (اللّٰہ), Muhammad com Ḥā/7 (محمّد).
Aljamiado Português::02 - Corpus de Frases	A busca pelo conhecimento é um dever de todos.<br><span class='ipa-text'>[ɐ 'buʃkɐ 'pelu kuɲesi'mẽtu 'ɛ ũ de'veɾ dʒi 'todus]</span>	ا بوسكہ پلو كنیچمنتو ای اوم دور دہ تدوها.	اَ اَ پَلۆ كَنِیچْمَنـْتۆ اَ اَ اَ دِه تَدۆها.	Chā para C brando (كنیچمنتو sem i atónico interno), um estritamente como اوم (Alif-Waw-Mīm), infinitivo verbal (دور), plural nominal -hā (تدوها).
Aljamiado Português::02 - Corpus de Frases	A paciência e a gratidão trazem paz e sabedoria ao coração.<br><span class='ipa-text'>[ɐ pɐsi'ẽsiɐ i ɐ gɾɐtʃi'dɐ̃w 'tɾazĩw 'pas i sɐbedu'ɾiɐ aw koɾɐ'sɐ̃w]</span>	ا پچنچیہ ی ا گرتیداو ترزم پز ی سبدریہ او كرچاو.	اَ اَ اَ اَ اَ اَ پَزْ اَ سَبَدُرِیَہ اَ كَرَچاوْم.	Chā para C brando (پچنچیہ), sabedoria sem Waw (سبدریہ), Zāy em ترزم e پز, ditongo nasal (گرتیداو, كرچاو), contração ao (او).
Aljamiado Português::02 - Corpus de Frases	Seja muito bem-vindo à nossa comunidade.<br><span class='ipa-text'>['seʒɐ 'mwĩtu bẽj 'vĩdu a 'nɔsɐ komuni'dadʒi]</span>	سژہ مویتو بم-ویندو آ نسہ كمونددہ.	مویتۆ مویتۆ مویتۆ مویتۆ مویتۆ كَمُونِدَدَہ.	Žā para J/G brando (سژہ), hífen em mídia digital / ZWNJ em manuscrito (بم-ویندو / بم‌ویندو), Alif Madd inicial (آ), comunidade sem ye atónico (كمونددہ).
Aljamiado Português::02 - Corpus de Frases	As boas ações e as palavras sinceras transformam o mundo.<br><span class='ipa-text'>[ɐs 'bowɐs ɐ'sɐ̃wʃ i ɐs pɐ'lavɾɐs sĩ'sɛɾɐs tɾɐ̃ʃ'fɔɾmɐ̃w u 'mũdu]</span>	اها بوها اچوها ی اها پلورها سینچرها ترنسفرمم و مندو.	اَها بوۆها اَها اَها اَها پَلَوْرها سِینـْچَرها اَها اَها اَها.	Plurais nominais com -hā (اها, بوها, اچوها, پلورها, سینچرها), -am verbal defectivo (ترنسفرمم).
Aljamiado Português::02 - Corpus de Frases	Que Deus abençoe o seu trabalho e os seus estudos.<br><span class='ipa-text'>[ki 'dewʃ ɐbẽ'sɔj u 'sew tɾɐ'baʎu i uz 'sewʃ is'tudus]</span>	كہ دیوس ابنچوی و سیو تربلیو ی وها سیوها استودوها.	كَه كَه كَه كَه كَه تْرَبَلِیۆ كَه كَه كَه اَسْتُودۆها.	Lām-Ye em تربلیو, sufixo nominal -hā em plurais (وها, سیوها, استودوها).
Aljamiado Português::02 - Corpus de Frases	A verdade e a justiça iluminam o caminho dos homens.<br><span class='ipa-text'>[ɐ veɾ'dadʒi i ɐ ʒuʃ'tisiɐ ilu'minɐ̃w u kɐ'miɲu dus 'omẽjʃ]</span>	ا ورددہ ی ا ژستچہ یلومنم و كمینیو دوها همنها.	اَ وَرْدَدَہ اَ اَ ژُسْتِچَہ اَ اَ كَمِینـِیۆ اَ هَمَنـْها.	Nūn-Ye em كمینیو, assimilação nasal m → n no plural (همنها), -am verbal defectivo com Ye inicial e sem i atónico (یلومنم), justiça sem ye atónico (ژستچہ).
Aljamiado Português::02 - Corpus de Frases	A verdadeira riqueza está na generosidade do coração.<br><span class='ipa-text'>[ɐ veɾdɐ'dejɾɐ ʁi'kezɐ es'ta na ʒeneɾozi'dadʒi du koɾɐ'sɐ̃w]</span>	ا ورددرہ ریكزہ استا نہ جنرزددہ دو كرچاوم.	اَ وَرْدَدَرَہ رِیكَزَہ اَ اَ جَنَرُزِدَدَہ اَ كَرَچاوْم.	Rā em riqueza (ریكزہ) por regra de R- inicial (reservando Hā ه para H mudo em هنرہ), Jīm para G brando (جنرزددہ), Zāy intervocálico, verdadeira sem ye (ورددرہ), generosidade sem ye (جنرزددہ), -ção com AOM (كرچاوم).
Aljamiado Português::02 - Corpus de Frases	Cada novo dia é uma oportunidade para fazer o bem.<br><span class='ipa-text'>['kadɐ 'novu 'dʒiɐ 'ɛ 'umɐ opoɾtuni'dadʒi 'paɾɐ fɐ'zeɾ u 'bẽj]</span>	كدہ نوو دیہ ای اومہ اپرتنددہ پرہ فزر و بم.	اَیْ اَیْ اَیْ اَیْ اومَه اَپَرْتُنِدَدَہ پَرَه اَیْ اَیْ اَیْ.	uma estritamente como اومہ (Alif-Waw-Mīm-He), minimização defectiva (كدہ, اپرتنددہ sem u atónico em palavra longa, پرہ), oportunidade sem ye (اپرتنددہ), infinitivo verbal (فزر).
Aljamiado Português::02 - Corpus de Frases	A união de corações sinceros constrói uma vida cheia de paz.<br><span class='ipa-text'>[ɐ uni'ɐ̃w dʒi koɾɐ'sɐ̃wʃ sĩ'sɛɾus kõʃ'tɾɔj 'umɐ 'vidɐ 'ʃejɐ dʒi 'pas]</span>	ا انیاوم دہ كرچومها سینچرها كنستروی اومہ ویدہ شیہ دہ پز.	اَ انِیاوم دِه كَرَچومها سِینـْچَرها اَ اومَه وِیدَہ شِیَہ دِه پَزْ.	uma estritamente como اومہ, união com AOM (انیاوم), corações com plural -ções AOM (كرچومها), Shīn para CH em cheia com Urdu gol he (شیہ U+06C1), Zāy em پز.
Aljamiado Português::02 - Corpus de Frases	A sabedoria ilumina a mente e o conhecimento fortalece a alma.<br><span class='ipa-text'>[ɐ sɐbedu'ɾiɐ ilu'minɐ ɐ 'mẽtʃi i u kuɲesi'mẽtu fɔɾtɐ'lɛsi ɐ 'awmɐ]</span>	ا سبدریہ یلومنہ ا منتہ ی و كنیچمنتو فرتلچہ ا المہ.	اَ سَبَدُرِیَہ اَ اَ مَنـْتَه اَ اَ كَنِیچْمَنـْتۆ اَ اَ اَلـْمَہ.	sabedoria sem Waw (سبدریہ), Ye inicial e sem i atónico em یلومنہ, conhecimento sem i atónico em palavra longa (كنیچمنتو), Alif em المہ, C brando em فرتلچہ (Chā), Gol He final.
Aljamiado Português::02 - Corpus de Frases	Os homens de bem semeiam a esperança e colhem a justiça.<br><span class='ipa-text'>[uz 'omẽjʃ dʒi 'bẽj se'mejɐ̃w ɐ espe'ɾɐ̃sɐ i 'kɔʎẽj ɐ ʒuʃ'tisiɐ]</span>	وها همنها دہ بم سمیم ا اسپرنچہ ی كولیه ا ژستچہ.	وۆها هَمَنـْها دِه وۆها وۆها وۆها اَسْپَرَنـْچَہ وۆها وۆها وۆها ژُسْتِچَہ.	Assimilação nasal (همنها), ditongo ei (سمیم), Lām-Ye + Gol He em كولیه (lh para contrastar com cole), Žā em ژستچہ sem ye final (ژستچہ).
Aljamiado Português::02 - Corpus de Frases	A luz da verdade guia os nossos passos pelo caminho da paz.<br><span class='ipa-text'>[ɐ 'luʃ dɐ veɾ'dadʒi 'giɐ uz 'nɔsus 'pasus 'pelu kɐ'miɲu dɐ 'pas]</span>	ا لوز دا ورددہ گیہ وها نسوها پسوها پلو كمینیو دا پز.	اَ لوُزْ اَ وَرْدَدَہ اَ اَ اَ پَسۆها پَلۆ كَمِینـِیۆ اَ پَزْ.	Zāy final em لوز e پز, Sīn duplo intervocálico em نسوها e پسوها com sufixo -hā.
Aljamiado Português::02 - Corpus de Frases	As palavras de fé e amor renovam os corações dos homens.<br><span class='ipa-text'>[ɐs pɐ'lavɾɐs dʒi 'fɛ i ɐ'moɾ ʁe'nɔvɐ̃w uz koɾɐ'sɐ̃wʃ dus 'omẽjʃ]</span>	اها پلورها دہ فی ی امور رنوم وها كرچومها دوها همنها.	اَها پَلَوْرها دِه اَها اَها اَها اَها اَها كَرَچومها اَها هَمَنـْها.	Rā em renovam (رنوم) por regra de R- inicial (reservando Hā ه para H mudo em هنرہ), single waw em renovam (رنوم), -am verbal defectivo, corações com -ções AOM (كرچومها), plurais nominais -hā.
Aljamiado Português::02 - Corpus de Frases	Quem busca a sabedoria encontra a verdadeira felicidade na vida.<br><span class='ipa-text'>[kẽj 'buʃkɐ ɐ sɐbedu'ɾiɐ ẽ'kõtɾɐ ɐ veɾdɐ'dejɾɐ felisi'dadʒi na 'vidɐ]</span>	كم بوسكہ ا سبدریہ انكنترہ ا ورددرہ فلچددہ نہ ویدہ.	اَ اَ اَ سَبَدُرِیَہ اَ اَ وَرْدَدَرَہ اَ اَ وِیدَہ.	Kāf para Q (كم), sabedoria sem Waw (سبدریہ), C brando em فلچددہ (Chā), verdadeira sem ye (ورددرہ), felicidade sem ye (فلچددہ), Gol He final.
Aljamiado Português::02 - Corpus de Frases	Um bom amigo traz honra e alegria para a nossa casa.<br><span class='ipa-text'>[ũ 'bõj ɐ'migu 'tɾaʃ 'õɾɐ i ɐle'gɾiɐ 'paɾɐ ɐ 'nɔsɐ 'kazɐ]</span>	اوم بم امیگو ترز هنرہ ی الگریہ پرہ ا نسہ كزہ.	اوم اوم اوم اوم اوم اوم اوم پَرَه اوم اوم اوم.	um estritamente como اوم (Alif-Waw-Mīm), Hā em هنرہ (honra muda), exigindo Rā inicial em R- (ریكزہ, رنوم, ریوها) para desambiguação, Zāy em كزہ (casa /z/), Sīn duplo em نسہ (nossa /s/).
Aljamiado Português::02 - Corpus de Frases	Os filhos e as filhas escutam os conselhos dos pais.<br><span class='ipa-text'>[uz 'fiʎus i ɐs 'fiʎɐs is'kutɐ̃w uz kõ'seʎus dus 'pajʃ]</span>	وها فیلیوها ی اها فیلیہها اسكوتم وها كنسیلیوها دوها پایها.	وۆها وۆها وۆها وۆها وۆها وۆها وۆها وۆها وۆها وۆها.	Lām-Ye para LH (فیلیوها, فیلیہها, كنسیلیوها), filhas com fili + Gol He + ha (فیلیہها), plurais nominais -hā, -am verbal (اسكوتم).
Aljamiado Português::02 - Corpus de Frases	A paciência é uma virtude que transforma os maus momentos.<br><span class='ipa-text'>[ɐ pɐsi'ẽsiɐ 'ɛ 'umɐ vɪɾ'tudʒi ki tɾɐ̃ʃ'fɔɾmɐ uz 'mawʃ mo'mẽtus]</span>	ا پچنچیہ ای اومہ ورتودہ كہ ترنسفرمہ وها ماوها مومنتها.	اَ اَ اَ اومَه اَ كَه اَ اَ اَ اَ.	uma estritamente como اومہ, Chā em پچنچیہ, Waw para V em ورتودہ (opção aceitável com Waw), maus em ماوها (mau ماو + plural -hā), momentos sem waw atónico (مومنتها), plurais -hā.
Aljamiado Português::02 - Corpus de Frases	Quem planta a justiça colhe um futuro de paz e prosperidade.<br><span class='ipa-text'>[kẽj 'plɐ̃tɐ ɐ ʒuʃ'tisiɐ 'kɔʎi ũ fu'tuɾu dʒi 'pas i pɾospeɾi'dadʒi]</span>	كم پلنتہ ا ژستچہ كولیه اوم فوتورو دہ پز ی پرسپرددہ.	اَ اَ اَ ژُسْتِچَہ اَ اَ اَ دِه پَزْ اَ اَ.	um estritamente como اوم, Žā em ژستچہ sem ye final, Lām-Ye + Gol He em كولیه (lh), futuro com ambos Waws (فوتورو) para desambiguar com faturo, Zāy em پز, prosperidade sem ye (پرسپرددہ).
Aljamiado Português::02 - Corpus de Frases	As palavras voam com o vento, mas as boas obras permanecem.<br><span class='ipa-text'>[ɐs pɐ'lavɾɐs 'vwɐ̃w kõ u 'vẽtu mɐʃ ɐs 'bowɐs 'ɔbɾɐs peɾmɐ'nesẽj]</span>	اها پلورها ووام كم و ونتو، مس اها بوها ابرها پرمنچم.	اَها پَلَوْرها اَها اَها اَها اَها مَسْ اَها بوۆها اَها اَها.	Plurais nominais -hā (پلورها, بوها, ابرها), voam com Waw-Waw-Alif-Mīm (ووام), C brando em پرمنچم (Chā), -em verbal (پرمنچم).
Aljamiado Português::02 - Corpus de Frases	O estudo constante ilumina o espírito e abre a mente.<br><span class='ipa-text'>[u is'tudu kõʃ'tɐ̃tʃi ilu'minɐ u es'piɾitu i 'abɾi ɐ 'mẽtʃi]</span>	و استودو كنستنتہ یلومنہ و اسپرتو ی ابرہ ا منتہ.	وۆ اَسْتُودۆ وۆ وۆ وۆ وۆ وۆ وۆ وۆ مَنـْتَه.	Alif inicial de suporte (استودو), ilumina com Ye inicial e sem i atónico (یلومنہ), espírito sem ye atónico (اسپرتو), Gol He final em كنستنتہ, منتہ.
Aljamiado Português::02 - Corpus de Frases	Um homem sábio fala com humildade e ouve com atenção.<br><span class='ipa-text'>[ũ 'omẽj 'sabju 'falɐ kõ umiw'dadʒi i 'owvi kõ ɐtẽ'sɐ̃w]</span>	اوم همم سبیو فلہ كم اوملددہ ی وو كم اتنچاوم.	اوم هَمَم اوم اوم اوم اوم اوم اوم اوم اوم.	um estritamente como اوم, assimilação nasal همم, Hā mudo em اوملددہ sem ye atónico, ditongo nasal -ção → اتنچاوم com AOM.
Aljamiado Português::02 - Corpus de Frases	Uma boa ação traz uma grande recompensa no coração.<br><span class='ipa-text'>['umɐ 'bowɐ ɐ'sɐ̃w 'tɾaʃ 'umɐ 'gɾɐ̃dʒi ʁekõ'pẽsɐ nu koɾɐ'sɐ̃w]</span>	اومہ بوہ اچاوم ترز اومہ گرندہ ركمپنسہ نو كرچاوم.	اومَه بوۆہ اومَه اومَه اومَه اومَه اومَه اومَه كَرَچاوْم.	uma estritamente como اومہ, ação com AOM (اچاوم), coração com AOM (كرچاوم), Rā em recompensa (ركمپنسہ) por regra de R- inicial (reservando Hā ه para H mudo em هنرہ), Zāy em ترز.
Aljamiado Português::02 - Corpus de Frases	A verdade une as pessoas e constrói a verdadeira paz.<br><span class='ipa-text'>[ɐ veɾ'dadʒi 'uni ɐs pe'soɐs i kõʃ'tɾɔj ɐ veɾdɐ'dejɾɐ 'pas]</span>	ا ورددہ اونی اها پسوها ی كنستروی ا ورددرہ پز.	اَ وَرْدَدَہ اَ اَ پَسۆها اَ اَ اَ وَرْدَدَرَہ پَزْ.	Sīn duplo em پسوها com sufixo -hā, ditongo oi em كنستروی, Zāy em پز, verdadeira sem ye (ورددرہ).
Aljamiado Português::02 - Corpus de Frases	Os rios correm para o mar e renovam as águas da terra.<br><span class='ipa-text'>[uz 'ʁiws 'kɔʁẽj 'paɾɐ u 'maɾ i ʁe'nɔvɐ̃w ɐs 'agwɐʃ dɐ 'tɛʁɐ]</span>	وها ریوها كوهم پرہ و مر ی رنوم اها اگوها دا تہہ.	وۆها وۆها وۆها پَرَه وۆها وۆها وۆها وۆها وۆها وۆها وۆها وۆها.	Rā para R inicial em ریوها e رنوم (desambiguando com Hā mudo هنرہ), single waw em renovam (رنوم), He para RR intervocálico em كوهم e تہہ, desinência verbal -em defectiva (كوهم), plurais -hā (ریوها, اگوها).
